{
    "cluster_centers": [
        [
            19.77910804748535,
            22.24233055114746,
            27.384803771972656,
            39.859046936035156,
            52.27076721191406,
            58.230125427246094,
            64.20535278320312,
            71.00150299072266
        ],
        [
            8.245682716369629,
            8.254827499389648,
            8.174428939819336,
            8.111658096313477,
            8.890008926391602,
            8.397626876831055,
            8.934835433959961,
            10.494728088378906
        ],
        [
            41.44679641723633,
            43.14056396484375,
            42.29759979248047,
            39.10466766357422,
            39.690948486328125,
            39.64872741699219,
            40.80630111694336,
            46.05881881713867
        ],
        [
            67.7416000366211,
            71.49092864990234,
            73.62580108642578,
            73.43749237060547,
            75.57125091552734,
            75.88326263427734,
            77.08860778808594,
            80.205322265625
        ],
        [
            15.00950813293457,
            16.05679702758789,
            17.460914611816406,
            22.338212966918945,
            30.74188232421875,
            37.30916976928711,
            45.963653564453125,
            55.7012825012207
        ],
        [
            39.468833923339844,
            44.09318161010742,
            49.96493911743164,
            56.51679229736328,
            62.38673782348633,
            65.13894653320312,
            69.5496597290039,
            76.1801986694336
        ],
        [
            15.931432723999023,
            16.537696838378906,
            16.295072555541992,
            17.526573181152344,
            20.495716094970703,
            21.759933471679688,
            23.850679397583008,
            29.23682403564453
        ]
    ],
    "random_state": 0,
    "n_init": 10,
    "n_cluster": 7,
    "max_iter": 1000,
    "features_before": [
        "R250",
        "R500",
        "R1000",
        "R2000",
        "R3000",
        "R4000",
        "R6000",
        "R8000"
    ],
    "features_after": [
        "AgeAtTestDate",
        "R125",
        "R250",
        "R500",
        "R1000",
        "R1500",
        "R2000",
        "R3000",
        "R4000",
        "R6000",
        "R8000",
        "L125",
        "L250",
        "L500",
        "L1000",
        "L1500",
        "L2000",
        "L3000",
        "L4000",
        "L6000",
        "L8000",
        "RBone125",
        "RBone250",
        "RBone500",
        "RBone1000",
        "RBone1500",
        "RBone2000",
        "RBone3000",
        "RBone4000",
        "RBone6000",
        "RBone8000",
        "LBone125",
        "LBone250",
        "LBone500",
        "LBone1000",
        "LBone2000",
        "LBone2000Dupe",
        "LBone3000",
        "LBone4000",
        "LBone6000",
        "LBone8000",
        "SRT_R",
        "DateOfTest",
        "SRT_L",
        "Word_Rec_Score_R",
        "Headphones",
        "Word_Rec_Score_L",
        "Word_Rec_Level_R",
        "Word_Rec_Masking_R",
        "Word_Rec_Masking_L",
        "Word_Rec_Level_L",
        "TestLocation",
        "WordRecListRight",
        "WordRecListLeft",
        "MonSNR_Score_R",
        "MonSNR_Score_L",
        "MonSNR_Right_Number_Lists",
        "MonSNR_Level_R",
        "MonSNR_Left_Number_Lists",
        "MonSNR_Level_L",
        "TympPressure_L",
        "TympCompliance_L",
        "TympType_R",
        "TympVolume_L",
        "TympVolume_R",
        "TympPressure_R",
        "TympCompliance_R",
        "TympType_L",
        "Reflex_RightIpsi500",
        "Reflex_RightIpsi1000",
        "Reflex_RightIpsi2000",
        "Reflex_LeftIpsi500",
        "Reflex_LeftIpsi1000",
        "Reflex_LeftIpsi2000",
        "R_HFPTA",
        "L_HFPTA",
        "R_PTA",
        "L_PTA",
        "R_PTA_All",
        "L_PTA_All",
        "R_LFPTA",
        "L_LFPTA",
        "R_UHFPTA",
        "L_UHFPTA",
        "R_PTA_BC_Mod",
        "L_PTA_BC_Mod",
        "R_HFPTA_BC_Mod",
        "L_HFPTA_BC_Mod",
        "R_PTA_BC_All",
        "L_PTA_BC_All",
        "R_PTA_ABGap",
        "R_HFPTA_ABGap",
        "R_PTA_All_ABGap",
        "L_PTA_ABGap",
        "L_HFPTA_ABGap",
        "L_PTA_All_ABGap",
        "R_Type_HL_Mod",
        "R_Type_HL_HF",
        "R_Type_HL_All",
        "predictions",
        "cluster_labels",
        "predictions07"
    ],
    "cluster_labels": {
        "1": "Low flat",
        "2": "Mid flat",
        "3": "High flat",
        "4": "Mid slope"
    },
    "n_cluster_points": {
        "Cluster 0": 8350,
        "Cluster 1": 13652,
        "Cluster 2": 5302,
        "Cluster 3": 3026,
        "Cluster 4": 8899,
        "Cluster 5": 7274,
        "Cluster 6": 11214
    },
    "date_time": "2023-10-16 02:37:25"
}