{
    "cluster_centers": [
        [
            28.649152755737305,
            32.646888732910156,
            39.406700134277344,
            50.753787994384766,
            60.032798767089844,
            64.19331359863281,
            69.25691223144531,
            75.8031997680664
        ],
        [
            9.044384002685547,
            9.09214973449707,
            8.926944732666016,
            8.851547241210938,
            9.697290420532227,
            9.311616897583008,
            9.904592514038086,
            11.548088073730469
        ],
        [
            42.48817443847656,
            44.286659240722656,
            43.482547760009766,
            40.271270751953125,
            40.94058609008789,
            41.003379821777344,
            42.24461364746094,
            47.55771255493164
        ],
        [
            15.840914726257324,
            16.55984878540039,
            16.623493194580078,
            18.56264877319336,
            22.600936889648438,
            24.90194320678711,
            28.53019905090332,
            35.59107971191406
        ],
        [
            16.455181121826172,
            17.991153717041016,
            20.643699645996094,
            28.311546325683594,
            39.10335159301758,
            46.11311721801758,
            54.14019012451172,
            62.643455505371094
        ],
        [
            60.865455627441406,
            64.72151947021484,
            67.54570007324219,
            68.40278625488281,
            71.19534301757812,
            72.1338882446289,
            74.34956359863281,
            78.7850570678711
        ]
    ],
    "random_state": 0,
    "n_init": 10,
    "n_cluster": 6,
    "max_iter": 1000,
    "features_before": [
        "R250",
        "R500",
        "R1000",
        "R2000",
        "R3000",
        "R4000",
        "R6000",
        "R8000"
    ],
    "features_after": [
        "AgeAtTestDate",
        "R125",
        "R250",
        "R500",
        "R1000",
        "R1500",
        "R2000",
        "R3000",
        "R4000",
        "R6000",
        "R8000",
        "L125",
        "L250",
        "L500",
        "L1000",
        "L1500",
        "L2000",
        "L3000",
        "L4000",
        "L6000",
        "L8000",
        "RBone125",
        "RBone250",
        "RBone500",
        "RBone1000",
        "RBone1500",
        "RBone2000",
        "RBone3000",
        "RBone4000",
        "RBone6000",
        "RBone8000",
        "LBone125",
        "LBone250",
        "LBone500",
        "LBone1000",
        "LBone2000",
        "LBone2000Dupe",
        "LBone3000",
        "LBone4000",
        "LBone6000",
        "LBone8000",
        "SRT_R",
        "DateOfTest",
        "SRT_L",
        "Word_Rec_Score_R",
        "Headphones",
        "Word_Rec_Score_L",
        "Word_Rec_Level_R",
        "Word_Rec_Masking_R",
        "Word_Rec_Masking_L",
        "Word_Rec_Level_L",
        "TestLocation",
        "WordRecListRight",
        "WordRecListLeft",
        "MonSNR_Score_R",
        "MonSNR_Score_L",
        "MonSNR_Right_Number_Lists",
        "MonSNR_Level_R",
        "MonSNR_Left_Number_Lists",
        "MonSNR_Level_L",
        "TympPressure_L",
        "TympCompliance_L",
        "TympType_R",
        "TympVolume_L",
        "TympVolume_R",
        "TympPressure_R",
        "TympCompliance_R",
        "TympType_L",
        "Reflex_RightIpsi500",
        "Reflex_RightIpsi1000",
        "Reflex_RightIpsi2000",
        "Reflex_LeftIpsi500",
        "Reflex_LeftIpsi1000",
        "Reflex_LeftIpsi2000",
        "R_HFPTA",
        "L_HFPTA",
        "R_PTA",
        "L_PTA",
        "R_PTA_All",
        "L_PTA_All",
        "R_LFPTA",
        "L_LFPTA",
        "R_UHFPTA",
        "L_UHFPTA",
        "R_PTA_BC_Mod",
        "L_PTA_BC_Mod",
        "R_HFPTA_BC_Mod",
        "L_HFPTA_BC_Mod",
        "R_PTA_BC_All",
        "L_PTA_BC_All",
        "R_PTA_ABGap",
        "R_HFPTA_ABGap",
        "R_PTA_All_ABGap",
        "L_PTA_ABGap",
        "L_HFPTA_ABGap",
        "L_PTA_All_ABGap",
        "R_Type_HL_Mod",
        "R_Type_HL_HF",
        "R_Type_HL_All",
        "predictions",
        "cluster_labels"
    ],
    "cluster_labels": {
        "0": "High slope",
        "1": "Low flat",
        "2": "Mid flat",
        "3": "Low slope",
        "4": "Mid slope",
        "5": "High flat"
    },
    "n_cluster_points": {
        "High slope": 9113,
        "Low flat": 15523,
        "Mid flat": 5412,
        "Low slope": 12629,
        "Mid slope": 10030,
        "High flat": 5010
    },
    "date_time": "2023-10-15 17:24:26"
}