{
    "cluster_centers": [
        [
            10.261541366577148,
            10.392509460449219,
            10.1900053024292,
            10.253015518188477,
            11.372638702392578,
            11.23017692565918,
            11.979053497314453,
            14.160877227783203
        ],
        [
            22.540597915649414,
            25.505159378051758,
            31.002038955688477,
            42.29899597167969,
            53.369773864746094,
            58.91485595703125,
            64.94668579101562,
            71.94174194335938
        ],
        [
            54.69561004638672,
            58.86052703857422,
            62.69474792480469,
            65.37654113769531,
            69.04290771484375,
            70.4686279296875,
            73.30412292480469,
            78.25480651855469
        ],
        [
            15.055290222167969,
            15.990656852722168,
            16.874916076660156,
            20.7174072265625,
            27.34246063232422,
            31.960166931152344,
            38.25045394897461,
            46.98752975463867
        ],
        [
            40.9024658203125,
            42.628173828125,
            41.70233154296875,
            38.656402587890625,
            39.373313903808594,
            39.35710906982422,
            40.63944625854492,
            46.01668167114258
        ]
    ],
    "random_state": 0,
    "n_init": 10,
    "n_cluster": 5,
    "max_iter": 1000,
    "features_before": [
        "R250",
        "R500",
        "R1000",
        "R2000",
        "R3000",
        "R4000",
        "R6000",
        "R8000"
    ],
    "features_after": [
        "AgeAtTestDate",
        "R125",
        "R250",
        "R500",
        "R1000",
        "R1500",
        "R2000",
        "R3000",
        "R4000",
        "R6000",
        "R8000",
        "L125",
        "L250",
        "L500",
        "L1000",
        "L1500",
        "L2000",
        "L3000",
        "L4000",
        "L6000",
        "L8000",
        "RBone125",
        "RBone250",
        "RBone500",
        "RBone1000",
        "RBone1500",
        "RBone2000",
        "RBone3000",
        "RBone4000",
        "RBone6000",
        "RBone8000",
        "LBone125",
        "LBone250",
        "LBone500",
        "LBone1000",
        "LBone2000",
        "LBone2000Dupe",
        "LBone3000",
        "LBone4000",
        "LBone6000",
        "LBone8000",
        "SRT_R",
        "DateOfTest",
        "SRT_L",
        "Word_Rec_Score_R",
        "Headphones",
        "Word_Rec_Score_L",
        "Word_Rec_Level_R",
        "Word_Rec_Masking_R",
        "Word_Rec_Masking_L",
        "Word_Rec_Level_L",
        "TestLocation",
        "WordRecListRight",
        "WordRecListLeft",
        "MonSNR_Score_R",
        "MonSNR_Score_L",
        "MonSNR_Right_Number_Lists",
        "MonSNR_Level_R",
        "MonSNR_Left_Number_Lists",
        "MonSNR_Level_L",
        "TympPressure_L",
        "TympCompliance_L",
        "TympType_R",
        "TympVolume_L",
        "TympVolume_R",
        "TympPressure_R",
        "TympCompliance_R",
        "TympType_L",
        "Reflex_RightIpsi500",
        "Reflex_RightIpsi1000",
        "Reflex_RightIpsi2000",
        "Reflex_LeftIpsi500",
        "Reflex_LeftIpsi1000",
        "Reflex_LeftIpsi2000",
        "R_HFPTA",
        "L_HFPTA",
        "R_PTA",
        "L_PTA",
        "R_PTA_All",
        "L_PTA_All",
        "R_LFPTA",
        "L_LFPTA",
        "R_UHFPTA",
        "L_UHFPTA",
        "R_PTA_BC_Mod",
        "L_PTA_BC_Mod",
        "R_HFPTA_BC_Mod",
        "L_HFPTA_BC_Mod",
        "R_PTA_BC_All",
        "L_PTA_BC_All",
        "R_PTA_ABGap",
        "R_HFPTA_ABGap",
        "R_PTA_All_ABGap",
        "L_PTA_ABGap",
        "L_HFPTA_ABGap",
        "L_PTA_All_ABGap",
        "R_Type_HL_Mod",
        "R_Type_HL_HF",
        "R_Type_HL_All",
        "predictions",
        "cluster_labels",
        "predictions05"
    ],
    "cluster_labels": {
        "3": "Low slope",
        "4": "Mid flat"
    },
    "n_cluster_points": {
        "Cluster 0": 19216,
        "Cluster 1": 12060,
        "Cluster 2": 7152,
        "Cluster 3": 13465,
        "Cluster 4": 5824
    },
    "date_time": "2023-10-16 02:35:02"
}