{
    "cluster_centers": [
        [
            10.128172874450684,
            10.24598503112793,
            10.075576782226562,
            10.197711944580078,
            11.408273696899414,
            11.365867614746094,
            12.256107330322266,
            14.618581771850586
        ],
        [
            24.566822052001953,
            27.46656608581543,
            32.37431335449219,
            42.13239669799805,
            52.12733459472656,
            57.17433547973633,
            62.77613067626953,
            69.73731231689453
        ],
        [
            19.851543426513672,
            20.87908935546875,
            21.19672203063965,
            23.525650024414062,
            28.814315795898438,
            32.34156799316406,
            37.463661193847656,
            45.35493850708008
        ],
        [
            54.98890686035156,
            58.894432067871094,
            62.1158447265625,
            63.806861877441406,
            66.94246673583984,
            68.09571838378906,
            70.67596435546875,
            75.56977844238281
        ]
    ],
    "random_state": 0,
    "n_init": 10,
    "n_cluster": 4,
    "max_iter": 1000,
    "features_before": [
        "R250",
        "R500",
        "R1000",
        "R2000",
        "R3000",
        "R4000",
        "R6000",
        "R8000"
    ],
    "features_after": [
        "AgeAtTestDate",
        "R125",
        "R250",
        "R500",
        "R1000",
        "R1500",
        "R2000",
        "R3000",
        "R4000",
        "R6000",
        "R8000",
        "L125",
        "L250",
        "L500",
        "L1000",
        "L1500",
        "L2000",
        "L3000",
        "L4000",
        "L6000",
        "L8000",
        "RBone125",
        "RBone250",
        "RBone500",
        "RBone1000",
        "RBone1500",
        "RBone2000",
        "RBone3000",
        "RBone4000",
        "RBone6000",
        "RBone8000",
        "LBone125",
        "LBone250",
        "LBone500",
        "LBone1000",
        "LBone2000",
        "LBone2000Dupe",
        "LBone3000",
        "LBone4000",
        "LBone6000",
        "LBone8000",
        "SRT_R",
        "DateOfTest",
        "SRT_L",
        "Word_Rec_Score_R",
        "Headphones",
        "Word_Rec_Score_L",
        "Word_Rec_Level_R",
        "Word_Rec_Masking_R",
        "Word_Rec_Masking_L",
        "Word_Rec_Level_L",
        "TestLocation",
        "WordRecListRight",
        "WordRecListLeft",
        "MonSNR_Score_R",
        "MonSNR_Score_L",
        "MonSNR_Right_Number_Lists",
        "MonSNR_Level_R",
        "MonSNR_Left_Number_Lists",
        "MonSNR_Level_L",
        "TympPressure_L",
        "TympCompliance_L",
        "TympType_R",
        "TympVolume_L",
        "TympVolume_R",
        "TympPressure_R",
        "TympCompliance_R",
        "TympType_L",
        "Reflex_RightIpsi500",
        "Reflex_RightIpsi1000",
        "Reflex_RightIpsi2000",
        "Reflex_LeftIpsi500",
        "Reflex_LeftIpsi1000",
        "Reflex_LeftIpsi2000",
        "R_HFPTA",
        "L_HFPTA",
        "R_PTA",
        "L_PTA",
        "R_PTA_All",
        "L_PTA_All",
        "R_LFPTA",
        "L_LFPTA",
        "R_UHFPTA",
        "L_UHFPTA",
        "R_PTA_BC_Mod",
        "L_PTA_BC_Mod",
        "R_HFPTA_BC_Mod",
        "L_HFPTA_BC_Mod",
        "R_PTA_BC_All",
        "L_PTA_BC_All",
        "R_PTA_ABGap",
        "R_HFPTA_ABGap",
        "R_PTA_All_ABGap",
        "L_PTA_ABGap",
        "L_HFPTA_ABGap",
        "L_PTA_All_ABGap",
        "R_Type_HL_Mod",
        "R_Type_HL_HF",
        "R_Type_HL_All",
        "predictions",
        "cluster_labels",
        "predictions04"
    ],
    "cluster_labels": {
        "2": "Low slope"
    },
    "n_cluster_points": {
        "Cluster 0": 19509,
        "Cluster 1": 14031,
        "Cluster 2": 16196,
        "Cluster 3": 7981
    },
    "date_time": "2023-10-16 02:33:50"
}