{
    "cluster_centers": [
        [
            37.75413513183594,
            38.82561492919922,
            36.06802749633789,
            31.28912353515625,
            30.920576095581055,
            29.7071533203125,
            29.769390106201172,
            33.821380615234375
        ],
        [
            13.76745891571045,
            14.259552955627441,
            14.326148986816406,
            15.869370460510254,
            18.885162353515625,
            20.21260643005371,
            22.038209915161133,
            26.816165924072266
        ],
        [
            52.985145568847656,
            55.408260345458984,
            55.28411865234375,
            52.840087890625,
            54.761226654052734,
            55.65178680419922,
            58.560089111328125,
            65.234375
        ],
        [
            26.373029708862305,
            30.093908309936523,
            34.84636306762695,
            40.64641189575195,
            46.083980560302734,
            48.63217544555664,
            52.33084487915039,
            59.315284729003906
        ],
        [
            31.16878890991211,
            36.104576110839844,
            44.67540740966797,
            57.04965591430664,
            65.54055786132812,
            69.33374786376953,
            74.24298095703125,
            80.41210174560547
        ],
        [
            67.02838134765625,
            71.24588775634766,
            74.1818618774414,
            75.04008483886719,
            77.50357055664062,
            78.08399963378906,
            79.51428985595703,
            82.43865966796875
        ],
        [
            8.002181053161621,
            7.984613418579102,
            7.856103897094727,
            7.737770080566406,
            8.34375,
            7.69148063659668,
            8.162832260131836,
            9.541641235351562
        ],
        [
            16.164947509765625,
            17.077085494995117,
            20.36223030090332,
            33.340335845947266,
            49.73598861694336,
            58.53041076660156,
            66.2636947631836,
            73.13572692871094
        ],
        [
            14.073781967163086,
            14.89491081237793,
            15.919214248657227,
            20.233715057373047,
            27.948015213012695,
            34.18653106689453,
            43.046504974365234,
            53.448604583740234
        ]
    ],
    "random_state": 0,
    "n_init": 10,
    "n_cluster": 9,
    "max_iter": 1000,
    "features_before": [
        "R250",
        "R500",
        "R1000",
        "R2000",
        "R3000",
        "R4000",
        "R6000",
        "R8000"
    ],
    "features_after": [
        "AgeAtTestDate",
        "R125",
        "R250",
        "R500",
        "R1000",
        "R1500",
        "R2000",
        "R3000",
        "R4000",
        "R6000",
        "R8000",
        "L125",
        "L250",
        "L500",
        "L1000",
        "L1500",
        "L2000",
        "L3000",
        "L4000",
        "L6000",
        "L8000",
        "RBone125",
        "RBone250",
        "RBone500",
        "RBone1000",
        "RBone1500",
        "RBone2000",
        "RBone3000",
        "RBone4000",
        "RBone6000",
        "RBone8000",
        "LBone125",
        "LBone250",
        "LBone500",
        "LBone1000",
        "LBone2000",
        "LBone2000Dupe",
        "LBone3000",
        "LBone4000",
        "LBone6000",
        "LBone8000",
        "SRT_R",
        "DateOfTest",
        "SRT_L",
        "Word_Rec_Score_R",
        "Headphones",
        "Word_Rec_Score_L",
        "Word_Rec_Level_R",
        "Word_Rec_Masking_R",
        "Word_Rec_Masking_L",
        "Word_Rec_Level_L",
        "TestLocation",
        "WordRecListRight",
        "WordRecListLeft",
        "MonSNR_Score_R",
        "MonSNR_Score_L",
        "MonSNR_Right_Number_Lists",
        "MonSNR_Level_R",
        "MonSNR_Left_Number_Lists",
        "MonSNR_Level_L",
        "TympPressure_L",
        "TympCompliance_L",
        "TympType_R",
        "TympVolume_L",
        "TympVolume_R",
        "TympPressure_R",
        "TympCompliance_R",
        "TympType_L",
        "Reflex_RightIpsi500",
        "Reflex_RightIpsi1000",
        "Reflex_RightIpsi2000",
        "Reflex_LeftIpsi500",
        "Reflex_LeftIpsi1000",
        "Reflex_LeftIpsi2000",
        "R_HFPTA",
        "L_HFPTA",
        "R_PTA",
        "L_PTA",
        "R_PTA_All",
        "L_PTA_All",
        "R_LFPTA",
        "L_LFPTA",
        "R_UHFPTA",
        "L_UHFPTA",
        "R_PTA_BC_Mod",
        "L_PTA_BC_Mod",
        "R_HFPTA_BC_Mod",
        "L_HFPTA_BC_Mod",
        "R_PTA_BC_All",
        "L_PTA_BC_All",
        "R_PTA_ABGap",
        "R_HFPTA_ABGap",
        "R_PTA_All_ABGap",
        "L_PTA_ABGap",
        "L_HFPTA_ABGap",
        "L_PTA_All_ABGap",
        "R_Type_HL_Mod",
        "R_Type_HL_HF",
        "R_Type_HL_All",
        "predictions",
        "cluster_labels",
        "predictions09"
    ],
    "cluster_labels": {
        "4": "High slope",
        "5": "High flat",
        "6": "Low flat"
    },
    "n_cluster_points": {
        "Cluster 0": 3709,
        "Cluster 1": 10313,
        "Cluster 2": 4047,
        "Cluster 3": 6231,
        "Cluster 4": 5336,
        "Cluster 5": 2711,
        "Cluster 6": 12337,
        "Cluster 7": 4994,
        "Cluster 8": 8039
    },
    "date_time": "2023-10-16 02:39:55"
}