{
    "cluster_centers": [
        [
            28.77712631225586,
            32.78862380981445,
            39.559261322021484,
            50.85246276855469,
            60.09332275390625,
            64.2376937866211,
            69.31365203857422,
            75.84925079345703
        ],
        [
            15.840265274047852,
            16.5601806640625,
            16.635929107666016,
            18.597431182861328,
            22.686986923217773,
            25.026775360107422,
            28.7098445892334,
            35.82273864746094
        ],
        [
            9.079001426696777,
            9.132927894592285,
            8.96302604675293,
            8.88804817199707,
            9.725236892700195,
            9.353628158569336,
            9.954000473022461,
            11.614452362060547
        ],
        [
            16.49068260192871,
            18.045427322387695,
            20.732501983642578,
            28.484619140625,
            39.318748474121094,
            46.32110595703125,
            54.29509735107422,
            62.76320266723633
        ],
        [
            60.94969177246094,
            64.80084228515625,
            67.60667419433594,
            68.43862915039062,
            71.21216583251953,
            72.14981079101562,
            74.33866882324219,
            78.76158142089844
        ],
        [
            42.533634185791016,
            44.31658935546875,
            43.48668670654297,
            40.25745391845703,
            40.89729690551758,
            40.93405532836914,
            42.181217193603516,
            47.49205780029297
        ]
    ],
    "random_state": 0,
    "n_init": 10,
    "n_cluster": 6,
    "max_iter": 1000,
    "features_before": [
        "R250",
        "R500",
        "R1000",
        "R2000",
        "R3000",
        "R4000",
        "R6000",
        "R8000"
    ],
    "features_after": [
        "AgeAtTestDate",
        "R125",
        "R250",
        "R500",
        "R1000",
        "R1500",
        "R2000",
        "R3000",
        "R4000",
        "R6000",
        "R8000",
        "L125",
        "L250",
        "L500",
        "L1000",
        "L1500",
        "L2000",
        "L3000",
        "L4000",
        "L6000",
        "L8000",
        "RBone125",
        "RBone250",
        "RBone500",
        "RBone1000",
        "RBone1500",
        "RBone2000",
        "RBone3000",
        "RBone4000",
        "RBone6000",
        "RBone8000",
        "LBone125",
        "LBone250",
        "LBone500",
        "LBone1000",
        "LBone2000",
        "LBone2000",
        "LBone3000",
        "LBone4000",
        "LBone6000",
        "LBone8000",
        "SRT_R",
        "DateOfTest",
        "SRT_L",
        "Word_Rec_Score_R",
        "Headphones",
        "Word_Rec_Score_L",
        "Word_Rec_Level_R",
        "Word_Rec_Masking_R",
        "Word_Rec_Masking_L",
        "Word_Rec_Level_L",
        "TestLocation",
        "WordRecListRight",
        "WordRecListLeft",
        "MonSNR_Score_R",
        "MonSNR_Score_L",
        "MonSNR_Right_Number_Lists",
        "MonSNR_Level_R",
        "MonSNR_Left_Number_Lists",
        "MonSNR_Level_L",
        "TympPressure_L",
        "TympCompliance_L",
        "TympType_R",
        "TympVolume_L",
        "TympVolume_R",
        "TympPressure_R",
        "TympCompliance_R",
        "TympType_L",
        "Reflex_RightIpsi500",
        "Reflex_RightIpsi1000",
        "Reflex_RightIpsi2000",
        "Reflex_LeftIpsi500",
        "Reflex_LeftIpsi1000",
        "Reflex_LeftIpsi2000",
        "R_HFPTA",
        "L_HFPTA",
        "R_PTA",
        "L_PTA",
        "R_PTA_All",
        "L_PTA_All",
        "R_LFPTA",
        "L_LFPTA",
        "R_UHFPTA",
        "L_UHFPTA",
        "R_PTA_BC_Mod",
        "L_PTA_BC_Mod",
        "R_HFPTA_BC_Mod",
        "L_HFPTA_BC_Mod",
        "R_PTA_BC_All",
        "L_PTA_BC_All",
        "R_PTA_ABGap",
        "R_HFPTA_ABGap",
        "R_PTA_All_ABGap",
        "L_PTA_ABGap",
        "L_HFPTA_ABGap",
        "L_PTA_All_ABGap",
        "R_Type_HL_Mod",
        "R_Type_HL_HF",
        "R_Type_HL_All",
        "predictions"
    ],
    "cluster_labels": [
        "R250",
        "R500",
        "R1000",
        "R2000",
        "R3000",
        "R4000",
        "R6000",
        "R8000"
    ],
    "n_cluster_points": {
        "5": 5397,
        "1": 12627,
        "2": 15601,
        "4": 4992,
        "0": 9078,
        "3": 10023
    },
    "date_time": "2023-10-28 01:55:45"
}