{
    "cluster_centers": [
        [
            14.669620513916016,
            15.166214942932129,
            15.052486419677734,
            16.318553924560547,
            19.145309448242188,
            20.261865615844727,
            21.9630184173584,
            26.615102767944336
        ],
        [
            28.15843391418457,
            32.778907775878906,
            41.649620056152344,
            55.88212203979492,
            65.8678207397461,
            70.13786315917969,
            75.14274597167969,
            80.96951293945312
        ],
        [
            36.593894958496094,
            38.16792297363281,
            37.11759948730469,
            34.311668395996094,
            34.90278625488281,
            34.40022277832031,
            34.773094177246094,
            39.45397186279297
        ],
        [
            7.940387725830078,
            7.936197280883789,
            7.831398010253906,
            7.741245269775391,
            8.387969970703125,
            7.7863922119140625,
            8.297674179077148,
            9.7274169921875
        ],
        [
            48.24684143066406,
            51.250732421875,
            52.46342468261719,
            51.91401672363281,
            54.71736145019531,
            56.01964569091797,
            59.389015197753906,
            66.3537368774414
        ],
        [
            13.895071029663086,
            14.763406753540039,
            15.804201126098633,
            20.01291275024414,
            27.73495101928711,
            34.08837890625,
            43.081092834472656,
            53.57015609741211
        ],
        [
            19.528564453125,
            21.784448623657227,
            25.93120574951172,
            36.03746032714844,
            47.57735824584961,
            53.759803771972656,
            60.00092697143555,
            67.17180633544922
        ],
        [
            65.92845916748047,
            70.15043640136719,
            73.10848236083984,
            73.9912109375,
            76.57457733154297,
            77.24193572998047,
            78.7563705444336,
            81.91780090332031
        ]
    ],
    "random_state": 0,
    "n_init": 10,
    "n_cluster": 8,
    "max_iter": 1000,
    "features_before": [
        "R250",
        "R500",
        "R1000",
        "R2000",
        "R3000",
        "R4000",
        "R6000",
        "R8000"
    ],
    "features_after": [
        "AgeAtTestDate",
        "R125",
        "R250",
        "R500",
        "R1000",
        "R1500",
        "R2000",
        "R3000",
        "R4000",
        "R6000",
        "R8000",
        "L125",
        "L250",
        "L500",
        "L1000",
        "L1500",
        "L2000",
        "L3000",
        "L4000",
        "L6000",
        "L8000",
        "RBone125",
        "RBone250",
        "RBone500",
        "RBone1000",
        "RBone1500",
        "RBone2000",
        "RBone3000",
        "RBone4000",
        "RBone6000",
        "RBone8000",
        "LBone125",
        "LBone250",
        "LBone500",
        "LBone1000",
        "LBone2000",
        "LBone2000Dupe",
        "LBone3000",
        "LBone4000",
        "LBone6000",
        "LBone8000",
        "SRT_R",
        "DateOfTest",
        "SRT_L",
        "Word_Rec_Score_R",
        "Headphones",
        "Word_Rec_Score_L",
        "Word_Rec_Level_R",
        "Word_Rec_Masking_R",
        "Word_Rec_Masking_L",
        "Word_Rec_Level_L",
        "TestLocation",
        "WordRecListRight",
        "WordRecListLeft",
        "MonSNR_Score_R",
        "MonSNR_Score_L",
        "MonSNR_Right_Number_Lists",
        "MonSNR_Level_R",
        "MonSNR_Left_Number_Lists",
        "MonSNR_Level_L",
        "TympPressure_L",
        "TympCompliance_L",
        "TympType_R",
        "TympVolume_L",
        "TympVolume_R",
        "TympPressure_R",
        "TympCompliance_R",
        "TympType_L",
        "Reflex_RightIpsi500",
        "Reflex_RightIpsi1000",
        "Reflex_RightIpsi2000",
        "Reflex_LeftIpsi500",
        "Reflex_LeftIpsi1000",
        "Reflex_LeftIpsi2000",
        "R_HFPTA",
        "L_HFPTA",
        "R_PTA",
        "L_PTA",
        "R_PTA_All",
        "L_PTA_All",
        "R_LFPTA",
        "L_LFPTA",
        "R_UHFPTA",
        "L_UHFPTA",
        "R_PTA_BC_Mod",
        "L_PTA_BC_Mod",
        "R_HFPTA_BC_Mod",
        "L_HFPTA_BC_Mod",
        "R_PTA_BC_All",
        "L_PTA_BC_All",
        "R_PTA_ABGap",
        "R_HFPTA_ABGap",
        "R_PTA_All_ABGap",
        "L_PTA_ABGap",
        "L_HFPTA_ABGap",
        "L_PTA_All_ABGap",
        "R_Type_HL_Mod",
        "R_Type_HL_HF",
        "R_Type_HL_All",
        "predictions",
        "cluster_labels",
        "predictions08"
    ],
    "cluster_labels": {
        "1": "High slope",
        "3": "Low flat",
        "7": "High flat"
    },
    "n_cluster_points": {
        "Cluster 0": 10533,
        "Cluster 1": 5004,
        "Cluster 2": 4728,
        "Cluster 3": 12488,
        "Cluster 4": 5293,
        "Cluster 5": 8052,
        "Cluster 6": 8591,
        "Cluster 7": 3028
    },
    "date_time": "2023-10-16 02:38:38"
}