{
    "cluster_centers": [
        [
            28.649152755737305,
            32.646888732910156,
            39.406700134277344,
            50.753787994384766,
            60.032798767089844,
            64.19331359863281,
            69.25691223144531,
            75.8031997680664
        ],
        [
            9.044384002685547,
            9.09214973449707,
            8.926944732666016,
            8.851547241210938,
            9.697290420532227,
            9.311616897583008,
            9.904592514038086,
            11.548088073730469
        ],
        [
            42.48817443847656,
            44.286659240722656,
            43.482547760009766,
            40.271270751953125,
            40.94058609008789,
            41.003379821777344,
            42.24461364746094,
            47.55771255493164
        ],
        [
            15.840914726257324,
            16.55984878540039,
            16.623493194580078,
            18.56264877319336,
            22.600936889648438,
            24.90194320678711,
            28.53019905090332,
            35.59107971191406
        ],
        [
            16.455181121826172,
            17.991153717041016,
            20.643699645996094,
            28.311546325683594,
            39.10335159301758,
            46.11311721801758,
            54.14019012451172,
            62.643455505371094
        ],
        [
            60.865455627441406,
            64.72151947021484,
            67.54570007324219,
            68.40278625488281,
            71.19534301757812,
            72.1338882446289,
            74.34956359863281,
            78.7850570678711
        ]
    ],
    "random_state": 0,
    "n_init": 10,
    "n_cluster": 6,
    "max_iter": 1000,
    "features_before": [
        "R250",
        "R500",
        "R1000",
        "R2000",
        "R3000",
        "R4000",
        "R6000",
        "R8000"
    ],
    "features_after": [
        "R250",
        "R500",
        "R1000",
        "R2000",
        "R3000",
        "R4000",
        "R6000",
        "R8000",
        "predictions"
    ],
    "cluster_labels": [
        "R250",
        "R500",
        "R1000",
        "R2000",
        "R3000",
        "R4000",
        "R6000",
        "R8000"
    ],
    "n_cluster_points": {
        "R250": 1,
        "R500": 1,
        "R1000": 1,
        "R2000": 1,
        "R3000": 1,
        "R4000": 1,
        "R6000": 1,
        "R8000": 1,
        "predictions": 1
    },
    "date_time": "2023-10-16 15:31:26"
}